Timestamp,Parking_Spot_ID,Parking_Lot_Section,Hour,Day,Occupied
2021-01-01 00:00:00.000000000,20,Zone A,0,Friday,1
2021-01-02 06:39:16.756756756,49,Zone A,6,Saturday,1
2021-01-03 13:18:33.513513513,38,Zone B,13,Sunday,0
2021-01-04 19:57:50.270270270,31,Zone B,19,Monday,0
2021-01-06 02:37:07.027027027,8,Zone C,2,Wednesday,1
2021-01-07 09:16:23.783783783,8,Zone D,9,Thursday,0
2021-01-08 15:55:40.540540540,3,Zone A,15,Friday,0
2021-01-09 22:34:57.297297297,45,Zone C,22,Saturday,1
2021-01-11 05:14:14.054054054,31,Zone A,5,Monday,0
2021-01-12 11:53:30.810810810,37,Zone B,11,Tuesday,0
2021-01-13 18:32:47.567567567,2,Zone A,18,Wednesday,0
2021-01-15 01:12:04.324324324,50,Zone A,1,Friday,1
2021-01-16 07:51:21.081081081,43,Zone A,7,Saturday,1
2021-01-17 14:30:37.837837837,11,Zone A,14,Sunday,1
2021-01-18 21:09:54.594594594,10,Zone C,21,Monday,1
2021-01-20 03:49:11.351351351,10,Zone C,3,Wednesday,0
2021-01-21 10:28:28.108108108,16,Zone D,10,Thursday,1
2021-01-22 17:07:44.864864864,27,Zone B,17,Friday,0
2021-01-23 23:47:01.621621621,23,Zone A,23,Saturday,1
2021-01-25 06:26:18.378378378,15,Zone A,6,Monday,0
2021-01-26 13:05:35.135135135,32,Zone A,13,Tuesday,1
2021-01-27 19:44:51.891891892,8,Zone A,19,Wednesday,1
2021-01-29 02:24:08.648648648,15,Zone B,2,Friday,0
2021-01-30 09:03:25.405405405,19,Zone B,9,Saturday,1
2021-01-31 15:42:42.162162162,24,Zone A,15,Sunday,1
2021-02-01 22:21:58.918918919,41,Zone A,22,Monday,1
2021-02-03 05:01:15.675675675,11,Zone A,5,Wednesday,1
2021-02-04 11:40:32.432432432,27,Zone A,11,Thursday,0
2021-02-05 18:19:49.189189189,31,Zone A,18,Friday,0
2021-02-07 00:59:05.945945946,3,Zone C,0,Sunday,1
2021-02-08 07:38:22.702702702,31,Zone A,7,Monday,1
2021-02-09 14:17:39.459459459,9,Zone C,14,Tuesday,0
2021-02-10 20:56:56.216216216,4,Zone A,20,Wednesday,0
2021-02-12 03:36:12.972972973,49,Zone A,3,Friday,0
2021-02-13 10:15:29.729729729,50,Zone C,10,Saturday,0
2021-02-14 16:54:46.486486486,42,Zone B,16,Sunday,1
2021-02-15 23:34:03.243243243,16,Zone A,23,Monday,1
2021-02-17 06:13:20.000000000,5,Zone C,6,Wednesday,1
2021-02-18 12:52:36.756756756,35,Zone A,12,Thursday,1
2021-02-19 19:31:53.513513513,23,Zone A,19,Friday,0
2021-02-21 02:11:10.270270270,7,Zone C,2,Sunday,0
2021-02-22 08:50:27.027027027,26,Zone C,8,Monday,0
2021-02-23 15:29:43.783783784,2,Zone A,15,Tuesday,1
2021-02-24 22:09:00.540540540,47,Zone A,22,Wednesday,0
2021-02-26 04:48:17.297297297,14,Zone C,4,Friday,1
2021-02-27 11:27:34.054054054,34,Zone A,11,Saturday,1
2021-02-28 18:06:50.810810810,16,Zone A,18,Sunday,1
2021-03-02 00:46:07.567567567,27,Zone B,0,Tuesday,0
2021-03-03 07:25:24.324324324,28,Zone D,7,Wednesday,1
2021-03-04 14:04:41.081081081,10,Zone A,14,Thursday,0
2021-03-05 20:43:57.837837838,50,Zone C,20,Friday,1
2021-03-07 03:23:14.594594594,40,Zone B,3,Sunday,1
2021-03-08 10:02:31.351351351,48,Zone B,10,Monday,0
2021-03-09 16:41:48.108108108,46,Zone C,16,Tuesday,1
2021-03-10 23:21:04.864864864,31,Zone D,23,Wednesday,1
2021-03-12 06:00:21.621621621,48,Zone A,6,Friday,1
2021-03-13 12:39:38.378378378,5,Zone A,12,Saturday,0
2021-03-14 19:18:55.135135135,10,Zone D,19,Sunday,1
2021-03-16 01:58:11.891891892,3,Zone B,1,Tuesday,1
2021-03-17 08:37:28.648648648,17,Zone B,8,Wednesday,1
2021-03-18 15:16:45.405405405,20,Zone B,15,Thursday,1
2021-03-19 21:56:02.162162162,14,Zone C,21,Friday,1
2021-03-21 04:35:18.918918918,43,Zone C,4,Sunday,0
2021-03-22 11:14:35.675675675,19,Zone D,11,Monday,0
2021-03-23 17:53:52.432432432,15,Zone B,17,Tuesday,1
2021-03-25 00:33:09.189189189,28,Zone A,0,Thursday,0
2021-03-26 07:12:25.945945946,8,Zone B,7,Friday,0
2021-03-27 13:51:42.702702702,41,Zone B,13,Saturday,0
2021-03-28 20:30:59.459459459,4,Zone B,20,Sunday,1
2021-03-30 03:10:16.216216216,50,Zone B,3,Tuesday,1
2021-03-31 09:49:32.972972972,40,Zone A,9,Wednesday,0
2021-04-01 16:28:49.729729729,11,Zone B,16,Thursday,1
2021-04-02 23:08:06.486486486,1,Zone B,23,Friday,1
2021-04-04 05:47:23.243243243,42,Zone C,5,Sunday,0
2021-04-05 12:26:40.000000000,37,Zone B,12,Monday,1
2021-04-06 19:05:56.756756756,38,Zone A,19,Tuesday,1
2021-04-08 01:45:13.513513513,40,Zone B,1,Thursday,1
2021-04-09 08:24:30.270270270,4,Zone C,8,Friday,0
2021-04-10 15:03:47.027027026,19,Zone B,15,Saturday,1
2021-04-11 21:43:03.783783783,6,Zone B,21,Sunday,0
2021-04-13 04:22:20.540540540,45,Zone B,4,Tuesday,0
2021-04-14 11:01:37.297297297,32,Zone A,11,Wednesday,1
2021-04-15 17:40:54.054054054,17,Zone C,17,Thursday,1
2021-04-17 00:20:10.810810810,4,Zone A,0,Saturday,1
2021-04-18 06:59:27.567567568,16,Zone B,6,Sunday,0
2021-04-19 13:38:44.324324324,17,Zone A,13,Monday,1
2021-04-20 20:18:01.081081080,38,Zone A,20,Tuesday,0
2021-04-22 02:57:17.837837838,33,Zone B,2,Thursday,1
2021-04-23 09:36:34.594594594,46,Zone B,9,Friday,1
2021-04-24 16:15:51.351351350,25,Zone C,16,Saturday,1
2021-04-25 22:55:08.108108108,7,Zone C,22,Sunday,0
2021-04-27 05:34:24.864864864,37,Zone C,5,Tuesday,1
2021-04-28 12:13:41.621621620,39,Zone B,12,Wednesday,1
2021-04-29 18:52:58.378378378,29,Zone B,18,Thursday,0
2021-05-01 01:32:15.135135134,40,Zone B,1,Saturday,1
2021-05-02 08:11:31.891891892,26,Zone B,8,Sunday,1
2021-05-03 14:50:48.648648648,27,Zone B,14,Monday,0
2021-05-04 21:30:05.405405404,22,Zone D,21,Tuesday,0
2021-05-06 04:09:22.162162162,2,Zone A,4,Thursday,1
2021-05-07 10:48:38.918918918,6,Zone D,10,Friday,1
2021-05-08 17:27:55.675675676,2,Zone A,17,Saturday,0
2021-05-10 00:07:12.432432432,33,Zone A,0,Monday,1
2021-05-11 06:46:29.189189188,17,Zone A,6,Tuesday,0
2021-05-12 13:25:45.945945946,26,Zone B,13,Wednesday,1
2021-05-13 20:05:02.702702702,47,Zone A,20,Thursday,1
2021-05-15 02:44:19.459459458,13,Zone C,2,Saturday,1
2021-05-16 09:23:36.216216216,21,Zone C,9,Sunday,1
2021-05-17 16:02:52.972972972,39,Zone B,16,Monday,0
2021-05-18 22:42:09.729729728,12,Zone B,22,Tuesday,1
2021-05-20 05:21:26.486486486,4,Zone D,5,Thursday,1
2021-05-21 12:00:43.243243242,15,Zone C,12,Friday,0
2021-05-22 18:40:00.000000000,9,Zone B,18,Saturday,1
2021-05-24 01:19:16.756756756,48,Zone C,1,Monday,0
2021-05-25 07:58:33.513513512,42,Zone B,7,Tuesday,0
2021-05-26 14:37:50.270270270,33,Zone B,14,Wednesday,0
2021-05-27 21:17:07.027027026,45,Zone A,21,Thursday,0
2021-05-29 03:56:23.783783784,42,Zone B,3,Saturday,1
2021-05-30 10:35:40.540540540,10,Zone A,10,Sunday,0
2021-05-31 17:14:57.297297296,46,Zone A,17,Monday,0
2021-06-01 23:54:14.054054054,28,Zone B,23,Tuesday,0
2021-06-03 06:33:30.810810810,42,Zone D,6,Thursday,1
2021-06-04 13:12:47.567567566,46,Zone D,13,Friday,0
2021-06-05 19:52:04.324324324,17,Zone B,19,Saturday,0
2021-06-07 02:31:21.081081080,6,Zone B,2,Monday,0
2021-06-08 09:10:37.837837836,12,Zone A,9,Tuesday,1
2021-06-09 15:49:54.594594594,22,Zone B,15,Wednesday,1
2021-06-10 22:29:11.351351350,42,Zone A,22,Thursday,0
2021-06-12 05:08:28.108108108,44,Zone A,5,Saturday,1
2021-06-13 11:47:44.864864864,1,Zone B,11,Sunday,1
2021-06-14 18:27:01.621621620,27,Zone A,18,Monday,0
2021-06-16 01:06:18.378378378,22,Zone A,1,Wednesday,1
2021-06-17 07:45:35.135135134,12,Zone C,7,Thursday,1
2021-06-18 14:24:51.891891892,7,Zone A,14,Friday,1
2021-06-19 21:04:08.648648648,18,Zone A,21,Saturday,1
2021-06-21 03:43:25.405405404,49,Zone A,3,Monday,1
2021-06-22 10:22:42.162162162,17,Zone A,10,Tuesday,1
2021-06-23 17:01:58.918918918,27,Zone A,17,Wednesday,1
2021-06-24 23:41:15.675675674,36,Zone C,23,Thursday,0
2021-06-26 06:20:32.432432432,19,Zone A,6,Saturday,0
2021-06-27 12:59:49.189189188,50,Zone C,12,Sunday,1
2021-06-28 19:39:05.945945944,50,Zone A,19,Monday,1
2021-06-30 02:18:22.702702702,13,Zone B,2,Wednesday,1
2021-07-01 08:57:39.459459458,26,Zone B,8,Thursday,0
2021-07-02 15:36:56.216216216,16,Zone B,15,Friday,0
2021-07-03 22:16:12.972972972,15,Zone B,22,Saturday,1
2021-07-05 04:55:29.729729728,2,Zone D,4,Monday,1
2021-07-06 11:34:46.486486486,32,Zone A,11,Tuesday,0
2021-07-07 18:14:03.243243242,26,Zone B,18,Wednesday,0
2021-07-09 00:53:20.000000000,3,Zone C,0,Friday,1
2021-07-10 07:32:36.756756756,15,Zone A,7,Saturday,0
2021-07-11 14:11:53.513513512,47,Zone A,14,Sunday,0
2021-07-12 20:51:10.270270270,13,Zone A,20,Monday,0
2021-07-14 03:30:27.027027026,8,Zone B,3,Wednesday,1
2021-07-15 10:09:43.783783782,25,Zone A,10,Thursday,0
2021-07-16 16:49:00.540540540,50,Zone A,16,Friday,1
2021-07-17 23:28:17.297297296,13,Zone B,23,Saturday,0
2021-07-19 06:07:34.054054052,35,Zone B,6,Monday,1
2021-07-20 12:46:50.810810810,39,Zone A,12,Tuesday,1
2021-07-21 19:26:07.567567566,13,Zone A,19,Wednesday,0
2021-07-23 02:05:24.324324324,38,Zone B,2,Friday,1
2021-07-24 08:44:41.081081080,19,Zone D,8,Saturday,1
2021-07-25 15:23:57.837837836,33,Zone B,15,Sunday,1
2021-07-26 22:03:14.594594594,33,Zone C,22,Monday,1
2021-07-28 04:42:31.351351350,28,Zone A,4,Wednesday,1
2021-07-29 11:21:48.108108108,5,Zone A,11,Thursday,0
2021-07-30 18:01:04.864864864,43,Zone B,18,Friday,1
2021-08-01 00:40:21.621621620,17,Zone C,0,Sunday,1
2021-08-02 07:19:38.378378376,10,Zone B,7,Monday,1
2021-08-03 13:58:55.135135136,3,Zone C,13,Tuesday,1
2021-08-04 20:38:11.891891892,31,Zone D,20,Wednesday,1
2021-08-06 03:17:28.648648648,35,Zone A,3,Friday,1
2021-08-07 09:56:45.405405404,1,Zone A,9,Saturday,1
2021-08-08 16:36:02.162162160,27,Zone A,16,Sunday,1
2021-08-09 23:15:18.918918916,12,Zone A,23,Monday,0
2021-08-11 05:54:35.675675676,33,Zone A,5,Wednesday,0
2021-08-12 12:33:52.432432432,9,Zone C,12,Thursday,1
2021-08-13 19:13:09.189189188,36,Zone A,19,Friday,1
2021-08-15 01:52:25.945945944,20,Zone A,1,Sunday,0
2021-08-16 08:31:42.702702700,48,Zone A,8,Monday,1
2021-08-17 15:10:59.459459460,8,Zone D,15,Tuesday,0
2021-08-18 21:50:16.216216216,18,Zone B,21,Wednesday,1
2021-08-20 04:29:32.972972972,6,Zone D,4,Friday,1
2021-08-21 11:08:49.729729728,48,Zone D,11,Saturday,0
2021-08-22 17:48:06.486486484,45,Zone B,17,Sunday,0
2021-08-24 00:27:23.243243240,14,Zone A,0,Tuesday,1
2021-08-25 07:06:40.000000000,34,Zone A,7,Wednesday,1
2021-08-26 13:45:56.756756756,42,Zone A,13,Thursday,1
2021-08-27 20:25:13.513513512,29,Zone C,20,Friday,0
2021-08-29 03:04:30.270270268,28,Zone A,3,Sunday,0
2021-08-30 09:43:47.027027024,13,Zone A,9,Monday,1
2021-08-31 16:23:03.783783784,5,Zone B,16,Tuesday,1
2021-09-01 23:02:20.540540540,46,Zone B,23,Wednesday,1
2021-09-03 05:41:37.297297296,46,Zone B,5,Friday,1
2021-09-04 12:20:54.054054052,33,Zone A,12,Saturday,1
2021-09-05 19:00:10.810810808,18,Zone C,19,Sunday,0
2021-09-07 01:39:27.567567568,18,Zone B,1,Tuesday,1
2021-09-08 08:18:44.324324324,38,Zone A,8,Wednesday,1
2021-09-09 14:58:01.081081080,46,Zone C,14,Thursday,0
2021-09-10 21:37:17.837837836,46,Zone D,21,Friday,1
2021-09-12 04:16:34.594594592,40,Zone A,4,Sunday,1
2021-09-13 10:55:51.351351352,33,Zone A,10,Monday,1
2021-09-14 17:35:08.108108108,5,Zone B,17,Tuesday,1
2021-09-16 00:14:24.864864864,9,Zone A,0,Thursday,0
2021-09-17 06:53:41.621621620,46,Zone C,6,Friday,0
2021-09-18 13:32:58.378378376,31,Zone A,13,Saturday,1
2021-09-19 20:12:15.135135132,1,Zone C,20,Sunday,1
2021-09-21 02:51:31.891891892,6,Zone B,2,Tuesday,1
2021-09-22 09:30:48.648648648,34,Zone B,9,Wednesday,1
2021-09-23 16:10:05.405405404,1,Zone A,16,Thursday,1
2021-09-24 22:49:22.162162160,9,Zone A,22,Friday,1
2021-09-26 05:28:38.918918916,28,Zone A,5,Sunday,1
2021-09-27 12:07:55.675675676,36,Zone A,12,Monday,1
2021-09-28 18:47:12.432432432,34,Zone A,18,Tuesday,0
2021-09-30 01:26:29.189189188,12,Zone C,1,Thursday,0
2021-10-01 08:05:45.945945944,37,Zone A,8,Friday,0
2021-10-02 14:45:02.702702700,13,Zone C,14,Saturday,1
2021-10-03 21:24:19.459459456,17,Zone B,21,Sunday,0
2021-10-05 04:03:36.216216216,39,Zone C,4,Tuesday,0
2021-10-06 10:42:52.972972972,34,Zone D,10,Wednesday,0
2021-10-07 17:22:09.729729728,44,Zone A,17,Thursday,1
2021-10-09 00:01:26.486486484,34,Zone C,0,Saturday,0
2021-10-10 06:40:43.243243240,29,Zone B,6,Sunday,1
2021-10-11 13:20:00.000000000,5,Zone C,13,Monday,0
2021-10-12 19:59:16.756756756,19,Zone B,19,Tuesday,1
2021-10-14 02:38:33.513513512,14,Zone B,2,Thursday,0
2021-10-15 09:17:50.270270268,13,Zone A,9,Friday,0
2021-10-16 15:57:07.027027024,50,Zone A,15,Saturday,1
2021-10-17 22:36:23.783783784,21,Zone B,22,Sunday,1
2021-10-19 05:15:40.540540540,46,Zone D,5,Tuesday,1
2021-10-20 11:54:57.297297296,33,Zone C,11,Wednesday,1
2021-10-21 18:34:14.054054052,41,Zone A,18,Thursday,1
2021-10-23 01:13:30.810810808,26,Zone C,1,Saturday,1
2021-10-24 07:52:47.567567568,30,Zone C,7,Sunday,0
2021-10-25 14:32:04.324324324,26,Zone A,14,Monday,1
2021-10-26 21:11:21.081081080,10,Zone A,21,Tuesday,0
2021-10-28 03:50:37.837837836,37,Zone A,3,Thursday,0
2021-10-29 10:29:54.594594592,15,Zone C,10,Friday,0
2021-10-30 17:09:11.351351348,2,Zone C,17,Saturday,0
2021-10-31 23:48:28.108108108,33,Zone A,23,Sunday,1
2021-11-02 06:27:44.864864864,10,Zone A,6,Tuesday,0
2021-11-03 13:07:01.621621620,48,Zone C,13,Wednesday,1
2021-11-04 19:46:18.378378376,49,Zone D,19,Thursday,0
2021-11-06 02:25:35.135135132,47,Zone C,2,Saturday,0
2021-11-07 09:04:51.891891892,19,Zone B,9,Sunday,0
2021-11-08 15:44:08.648648648,1,Zone A,15,Monday,1
2021-11-09 22:23:25.405405404,48,Zone B,22,Tuesday,1
2021-11-11 05:02:42.162162160,22,Zone A,5,Thursday,0
2021-11-12 11:41:58.918918916,50,Zone C,11,Friday,0
2021-11-13 18:21:15.675675672,50,Zone A,18,Saturday,1
2021-11-15 01:00:32.432432432,44,Zone C,1,Monday,0
2021-11-16 07:39:49.189189188,16,Zone A,7,Tuesday,1
2021-11-17 14:19:05.945945944,20,Zone C,14,Wednesday,0
2021-11-18 20:58:22.702702700,44,Zone A,20,Thursday,0
2021-11-20 03:37:39.459459456,17,Zone B,3,Saturday,1
2021-11-21 10:16:56.216216216,9,Zone B,10,Sunday,1
2021-11-22 16:56:12.972972972,29,Zone A,16,Monday,0
2021-11-23 23:35:29.729729728,48,Zone D,23,Tuesday,1
2021-11-25 06:14:46.486486484,36,Zone B,6,Thursday,1
2021-11-26 12:54:03.243243240,30,Zone B,12,Friday,0
2021-11-27 19:33:20.000000000,5,Zone C,19,Saturday,0
2021-11-29 02:12:36.756756756,32,Zone C,2,Monday,1
2021-11-30 08:51:53.513513512,50,Zone B,8,Tuesday,1
2021-12-01 15:31:10.270270268,8,Zone D,15,Wednesday,1
2021-12-02 22:10:27.027027024,27,Zone A,22,Thursday,0
2021-12-04 04:49:43.783783784,45,Zone A,4,Saturday,1
2021-12-05 11:29:00.540540540,38,Zone B,11,Sunday,0
2021-12-06 18:08:17.297297296,36,Zone A,18,Monday,0
2021-12-08 00:47:34.054054052,36,Zone B,0,Wednesday,1
2021-12-09 07:26:50.810810808,19,Zone A,7,Thursday,1
2021-12-10 14:06:07.567567564,15,Zone B,14,Friday,0
2021-12-11 20:45:24.324324324,42,Zone C,20,Saturday,1
2021-12-13 03:24:41.081081080,42,Zone B,3,Monday,0
2021-12-14 10:03:57.837837836,45,Zone D,10,Tuesday,0
2021-12-15 16:43:14.594594592,47,Zone C,16,Wednesday,0
2021-12-16 23:22:31.351351348,27,Zone A,23,Thursday,1
2021-12-18 06:01:48.108108108,26,Zone A,6,Saturday,1
2021-12-19 12:41:04.864864864,41,Zone A,12,Sunday,0
2021-12-20 19:20:21.621621620,34,Zone C,19,Monday,0
2021-12-22 01:59:38.378378376,36,Zone A,1,Wednesday,1
2021-12-23 08:38:55.135135132,41,Zone A,8,Thursday,1
2021-12-24 15:18:11.891891888,46,Zone D,15,Friday,1
2021-12-25 21:57:28.648648648,18,Zone B,21,Saturday,0
2021-12-27 04:36:45.405405404,20,Zone A,4,Monday,1
2021-12-28 11:16:02.162162160,5,Zone A,11,Tuesday,0
2021-12-29 17:55:18.918918916,30,Zone C,17,Wednesday,0
2021-12-31 00:34:35.675675672,2,Zone C,0,Friday,0
2022-01-01 07:13:52.432432432,24,Zone A,7,Saturday,0
2022-01-02 13:53:09.189189188,28,Zone B,13,Sunday,0
2022-01-03 20:32:25.945945944,15,Zone C,20,Monday,1
2022-01-05 03:11:42.702702700,31,Zone C,3,Wednesday,1
2022-01-06 09:50:59.459459456,2,Zone C,9,Thursday,0
2022-01-07 16:30:16.216216216,2,Zone B,16,Friday,1
2022-01-08 23:09:32.972972972,42,Zone D,23,Saturday,1
2022-01-10 05:48:49.729729728,19,Zone A,5,Monday,1
2022-01-11 12:28:06.486486484,7,Zone A,12,Tuesday,1
2022-01-12 19:07:23.243243240,27,Zone C,19,Wednesday,0
2022-01-14 01:46:40.000000000,40,Zone B,1,Friday,0
2022-01-15 08:25:56.756756756,12,Zone C,8,Saturday,1
2022-01-16 15:05:13.513513512,32,Zone A,15,Sunday,0
2022-01-17 21:44:30.270270268,5,Zone C,21,Monday,1
2022-01-19 04:23:47.027027024,3,Zone A,4,Wednesday,0
2022-01-20 11:03:03.783783780,28,Zone B,11,Thursday,1
2022-01-21 17:42:20.540540540,28,Zone A,17,Friday,0
2022-01-23 00:21:37.297297296,33,Zone B,0,Sunday,1
2022-01-24 07:00:54.054054052,38,Zone C,7,Monday,1
2022-01-25 13:40:10.810810808,50,Zone A,13,Tuesday,0
2022-01-26 20:19:27.567567564,27,Zone A,20,Wednesday,1
2022-01-28 02:58:44.324324324,17,Zone B,2,Friday,0
2022-01-29 09:38:01.081081080,41,Zone C,9,Saturday,0
2022-01-30 16:17:17.837837836,14,Zone A,16,Sunday,1
2022-01-31 22:56:34.594594592,23,Zone A,22,Monday,0
2022-02-02 05:35:51.351351348,5,Zone A,5,Wednesday,1
2022-02-03 12:15:08.108108104,2,Zone D,12,Thursday,1
2022-02-04 18:54:24.864864864,50,Zone A,18,Friday,0
2022-02-06 01:33:41.621621620,43,Zone A,1,Sunday,1
2022-02-07 08:12:58.378378376,36,Zone C,8,Monday,0
2022-02-08 14:52:15.135135132,21,Zone B,14,Tuesday,1
2022-02-09 21:31:31.891891888,9,Zone A,21,Wednesday,0
2022-02-11 04:10:48.648648648,8,Zone D,4,Friday,1
2022-02-12 10:50:05.405405404,13,Zone B,10,Saturday,1
2022-02-13 17:29:22.162162160,29,Zone B,17,Sunday,0
2022-02-15 00:08:38.918918916,37,Zone A,0,Tuesday,1
2022-02-16 06:47:55.675675672,34,Zone C,6,Wednesday,0
2022-02-17 13:27:12.432432432,15,Zone A,13,Thursday,1
2022-02-18 20:06:29.189189188,49,Zone A,20,Friday,1
2022-02-20 02:45:45.945945944,38,Zone A,2,Sunday,0
2022-02-21 09:25:02.702702700,29,Zone C,9,Monday,1
2022-02-22 16:04:19.459459456,32,Zone B,16,Tuesday,1
2022-02-23 22:43:36.216216216,22,Zone B,22,Wednesday,0
2022-02-25 05:22:52.972972968,13,Zone A,5,Friday,0
2022-02-26 12:02:09.729729728,19,Zone B,12,Saturday,1
2022-02-27 18:41:26.486486488,39,Zone C,18,Sunday,1
2022-03-01 01:20:43.243243240,1,Zone A,1,Tuesday,0
2022-03-02 08:00:00.000000000,6,Zone C,8,Wednesday,0
2022-03-03 14:39:16.756756752,3,Zone A,14,Thursday,0
2022-03-04 21:18:33.513513512,3,Zone C,21,Friday,0
2022-03-06 03:57:50.270270272,44,Zone A,3,Sunday,1
2022-03-07 10:37:07.027027024,36,Zone B,10,Monday,0
2022-03-08 17:16:23.783783784,25,Zone D,17,Tuesday,0
2022-03-09 23:55:40.540540536,5,Zone D,23,Wednesday,1
2022-03-11 06:34:57.297297296,26,Zone A,6,Friday,1
2022-03-12 13:14:14.054054048,25,Zone B,13,Saturday,1
2022-03-13 19:53:30.810810808,9,Zone A,19,Sunday,0
2022-03-15 02:32:47.567567568,23,Zone C,2,Tuesday,1
2022-03-16 09:12:04.324324320,21,Zone B,9,Wednesday,1
2022-03-17 15:51:21.081081080,32,Zone A,15,Thursday,1
2022-03-18 22:30:37.837837832,33,Zone A,22,Friday,1
2022-03-20 05:09:54.594594592,3,Zone D,5,Sunday,1
2022-03-21 11:49:11.351351352,20,Zone B,11,Monday,0
2022-03-22 18:28:28.108108104,32,Zone A,18,Tuesday,1
2022-03-24 01:07:44.864864864,26,Zone A,1,Thursday,0
2022-03-25 07:47:01.621621616,44,Zone A,7,Friday,0
2022-03-26 14:26:18.378378376,34,Zone B,14,Saturday,0
2022-03-27 21:05:35.135135136,9,Zone D,21,Sunday,0
2022-03-29 03:44:51.891891888,4,Zone C,3,Tuesday,1
2022-03-30 10:24:08.648648648,33,Zone B,10,Wednesday,1
2022-03-31 17:03:25.405405400,2,Zone C,17,Thursday,1
2022-04-01 23:42:42.162162160,30,Zone B,23,Friday,0
2022-04-03 06:21:58.918918920,48,Zone A,6,Sunday,1
2022-04-04 13:01:15.675675672,30,Zone D,13,Monday,1
2022-04-05 19:40:32.432432432,20,Zone A,19,Tuesday,0
2022-04-07 02:19:49.189189184,33,Zone A,2,Thursday,0
2022-04-08 08:59:05.945945944,24,Zone D,8,Friday,0
2022-04-09 15:38:22.702702704,28,Zone A,15,Saturday,0
2022-04-10 22:17:39.459459456,49,Zone C,22,Sunday,1
2022-04-12 04:56:56.216216216,20,Zone D,4,Tuesday,0
2022-04-13 11:36:12.972972968,50,Zone B,11,Wednesday,1
2022-04-14 18:15:29.729729728,47,Zone A,18,Thursday,0
2022-04-16 00:54:46.486486480,10,Zone A,0,Saturday,1
2022-04-17 07:34:03.243243240,4,Zone A,7,Sunday,1
2022-04-18 14:13:20.000000000,6,Zone B,14,Monday,0
2022-04-19 20:52:36.756756752,1,Zone C,20,Tuesday,1
2022-04-21 03:31:53.513513512,5,Zone B,3,Thursday,0
2022-04-22 10:11:10.270270264,35,Zone B,10,Friday,0
2022-04-23 16:50:27.027027024,4,Zone B,16,Saturday,0
2022-04-24 23:29:43.783783784,17,Zone B,23,Sunday,1
2022-04-26 06:09:00.540540536,44,Zone C,6,Tuesday,1
2022-04-27 12:48:17.297297296,2,Zone A,12,Wednesday,0
2022-04-28 19:27:34.054054048,42,Zone C,19,Thursday,0
2022-04-30 02:06:50.810810808,15,Zone B,2,Saturday,1
2022-05-01 08:46:07.567567568,7,Zone A,8,Sunday,1
2022-05-02 15:25:24.324324320,36,Zone A,15,Monday,1
2022-05-03 22:04:41.081081080,33,Zone A,22,Tuesday,0
2022-05-05 04:43:57.837837832,45,Zone B,4,Thursday,1
2022-05-06 11:23:14.594594592,38,Zone A,11,Friday,1
2022-05-07 18:02:31.351351352,41,Zone D,18,Saturday,0
2022-05-09 00:41:48.108108104,15,Zone B,0,Monday,1
2022-05-10 07:21:04.864864864,10,Zone D,7,Tuesday,0
2022-05-11 14:00:21.621621616,39,Zone A,14,Wednesday,1
2022-05-12 20:39:38.378378376,42,Zone A,20,Thursday,1
2022-05-14 03:18:55.135135136,50,Zone A,3,Saturday,1
2022-05-15 09:58:11.891891888,22,Zone A,9,Sunday,1
2022-05-16 16:37:28.648648648,19,Zone C,16,Monday,1
2022-05-17 23:16:45.405405400,40,Zone A,23,Tuesday,1
2022-05-19 05:56:02.162162160,18,Zone B,5,Thursday,1
2022-05-20 12:35:18.918918920,48,Zone A,12,Friday,0
2022-05-21 19:14:35.675675672,44,Zone B,19,Saturday,1
2022-05-23 01:53:52.432432432,22,Zone C,1,Monday,0
2022-05-24 08:33:09.189189184,39,Zone B,8,Tuesday,0
2022-05-25 15:12:25.945945944,39,Zone C,15,Wednesday,1
2022-05-26 21:51:42.702702704,6,Zone A,21,Thursday,1
2022-05-28 04:30:59.459459456,47,Zone D,4,Saturday,1
2022-05-29 11:10:16.216216216,26,Zone C,11,Sunday,1
2022-05-30 17:49:32.972972968,43,Zone B,17,Monday,1
2022-06-01 00:28:49.729729728,17,Zone B,0,Wednesday,1
2022-06-02 07:08:06.486486480,46,Zone D,7,Thursday,0
2022-06-03 13:47:23.243243240,20,Zone B,13,Friday,1
2022-06-04 20:26:40.000000000,1,Zone C,20,Saturday,1
2022-06-06 03:05:56.756756752,47,Zone B,3,Monday,1
2022-06-07 09:45:13.513513512,5,Zone A,9,Tuesday,0
2022-06-08 16:24:30.270270264,17,Zone C,16,Wednesday,1
2022-06-09 23:03:47.027027024,49,Zone B,23,Thursday,0
2022-06-11 05:43:03.783783784,49,Zone B,5,Saturday,1
2022-06-12 12:22:20.540540536,30,Zone B,12,Sunday,0
2022-06-13 19:01:37.297297296,33,Zone A,19,Monday,1
2022-06-15 01:40:54.054054048,23,Zone C,1,Wednesday,0
2022-06-16 08:20:10.810810808,15,Zone D,8,Thursday,0
2022-06-17 14:59:27.567567568,17,Zone C,14,Friday,1
2022-06-18 21:38:44.324324320,35,Zone A,21,Saturday,1
2022-06-20 04:18:01.081081080,39,Zone B,4,Monday,1
2022-06-21 10:57:17.837837832,41,Zone C,10,Tuesday,0
2022-06-22 17:36:34.594594592,41,Zone B,17,Wednesday,0
2022-06-24 00:15:51.351351352,5,Zone B,0,Friday,1
2022-06-25 06:55:08.108108104,26,Zone D,6,Saturday,1
2022-06-26 13:34:24.864864864,3,Zone B,13,Sunday,1
2022-06-27 20:13:41.621621616,29,Zone B,20,Monday,0
2022-06-29 02:52:58.378378376,23,Zone A,2,Wednesday,0
2022-06-30 09:32:15.135135136,46,Zone A,9,Thursday,1
2022-07-01 16:11:31.891891888,18,Zone A,16,Friday,1
2022-07-02 22:50:48.648648648,6,Zone D,22,Saturday,1
2022-07-04 05:30:05.405405400,8,Zone B,5,Monday,1
2022-07-05 12:09:22.162162160,39,Zone B,12,Tuesday,1
2022-07-06 18:48:38.918918912,32,Zone C,18,Wednesday,1
2022-07-08 01:27:55.675675672,6,Zone B,1,Friday,1
2022-07-09 08:07:12.432432432,5,Zone B,8,Saturday,0
2022-07-10 14:46:29.189189184,36,Zone A,14,Sunday,0
2022-07-11 21:25:45.945945944,4,Zone C,21,Monday,0
2022-07-13 04:05:02.702702696,42,Zone A,4,Wednesday,1
2022-07-14 10:44:19.459459456,37,Zone A,10,Thursday,0
2022-07-15 17:23:36.216216216,5,Zone A,17,Friday,0
2022-07-17 00:02:52.972972968,5,Zone A,0,Sunday,1
2022-07-18 06:42:09.729729728,50,Zone A,6,Monday,1
2022-07-19 13:21:26.486486480,20,Zone B,13,Tuesday,0
2022-07-20 20:00:43.243243240,19,Zone A,20,Wednesday,0
2022-07-22 02:40:00.000000000,42,Zone B,2,Friday,1
2022-07-23 09:19:16.756756752,49,Zone A,9,Saturday,1
2022-07-24 15:58:33.513513512,50,Zone A,15,Sunday,0
2022-07-25 22:37:50.270270264,39,Zone B,22,Monday,0
2022-07-27 05:17:07.027027024,20,Zone D,5,Wednesday,0
2022-07-28 11:56:23.783783784,5,Zone C,11,Thursday,1
2022-07-29 18:35:40.540540536,40,Zone D,18,Friday,1
2022-07-31 01:14:57.297297296,29,Zone B,1,Sunday,1
2022-08-01 07:54:14.054054048,22,Zone B,7,Monday,0
2022-08-02 14:33:30.810810808,47,Zone B,14,Tuesday,0
2022-08-03 21:12:47.567567568,6,Zone B,21,Wednesday,1
2022-08-05 03:52:04.324324320,26,Zone A,3,Friday,1
2022-08-06 10:31:21.081081080,1,Zone B,10,Saturday,0
2022-08-07 17:10:37.837837832,24,Zone A,17,Sunday,0
2022-08-08 23:49:54.594594592,3,Zone B,23,Monday,0
2022-08-10 06:29:11.351351352,7,Zone B,6,Wednesday,1
2022-08-11 13:08:28.108108104,6,Zone A,13,Thursday,0
2022-08-12 19:47:44.864864864,34,Zone A,19,Friday,0
2022-08-14 02:27:01.621621616,39,Zone A,2,Sunday,1
2022-08-15 09:06:18.378378376,30,Zone D,9,Monday,0
2022-08-16 15:45:35.135135136,50,Zone A,15,Tuesday,1
2022-08-17 22:24:51.891891888,20,Zone A,22,Wednesday,0
2022-08-19 05:04:08.648648648,15,Zone C,5,Friday,0
2022-08-20 11:43:25.405405400,45,Zone B,11,Saturday,1
2022-08-21 18:22:42.162162160,12,Zone A,18,Sunday,0
2022-08-23 01:01:58.918918912,50,Zone A,1,Tuesday,1
2022-08-24 07:41:15.675675672,1,Zone A,7,Wednesday,0
2022-08-25 14:20:32.432432432,50,Zone A,14,Thursday,0
2022-08-26 20:59:49.189189184,3,Zone A,20,Friday,0
2022-08-28 03:39:05.945945944,46,Zone B,3,Sunday,0
2022-08-29 10:18:22.702702696,27,Zone C,10,Monday,1
2022-08-30 16:57:39.459459456,50,Zone B,16,Tuesday,1
2022-08-31 23:36:56.216216216,4,Zone B,23,Wednesday,1
2022-09-02 06:16:12.972972968,29,Zone A,6,Friday,0
2022-09-03 12:55:29.729729728,50,Zone A,12,Saturday,1
2022-09-04 19:34:46.486486480,27,Zone C,19,Sunday,0
2022-09-06 02:14:03.243243240,33,Zone A,2,Tuesday,1
2022-09-07 08:53:20.000000000,36,Zone C,8,Wednesday,0
2022-09-08 15:32:36.756756752,24,Zone B,15,Thursday,1
2022-09-09 22:11:53.513513512,33,Zone C,22,Friday,0
2022-09-11 04:51:10.270270264,30,Zone A,4,Sunday,0
2022-09-12 11:30:27.027027024,46,Zone A,11,Monday,0
2022-09-13 18:09:43.783783784,3,Zone C,18,Tuesday,0
2022-09-15 00:49:00.540540536,15,Zone C,0,Thursday,0
2022-09-16 07:28:17.297297296,49,Zone A,7,Friday,0
2022-09-17 14:07:34.054054048,46,Zone D,14,Saturday,0
2022-09-18 20:46:50.810810808,24,Zone A,20,Sunday,1
2022-09-20 03:26:07.567567568,32,Zone A,3,Tuesday,0
2022-09-21 10:05:24.324324320,15,Zone B,10,Wednesday,0
2022-09-22 16:44:41.081081080,10,Zone C,16,Thursday,1
2022-09-23 23:23:57.837837832,24,Zone D,23,Friday,0
2022-09-25 06:03:14.594594592,19,Zone B,6,Sunday,0
2022-09-26 12:42:31.351351344,30,Zone A,12,Monday,0
2022-09-27 19:21:48.108108104,4,Zone B,19,Tuesday,0
2022-09-29 02:01:04.864864864,50,Zone A,2,Thursday,1
2022-09-30 08:40:21.621621616,50,Zone B,8,Friday,1
2022-10-01 15:19:38.378378376,36,Zone B,15,Saturday,1
2022-10-02 21:58:55.135135128,28,Zone A,21,Sunday,1
2022-10-04 04:38:11.891891888,16,Zone B,4,Tuesday,0
2022-10-05 11:17:28.648648648,42,Zone B,11,Wednesday,1
2022-10-06 17:56:45.405405400,35,Zone C,17,Thursday,0
2022-10-08 00:36:02.162162160,9,Zone B,0,Saturday,0
2022-10-09 07:15:18.918918912,47,Zone A,7,Sunday,0
2022-10-10 13:54:35.675675672,42,Zone A,13,Monday,1
2022-10-11 20:33:52.432432432,49,Zone A,20,Tuesday,1
2022-10-13 03:13:09.189189184,38,Zone A,3,Thursday,1
2022-10-14 09:52:25.945945944,32,Zone B,9,Friday,1
2022-10-15 16:31:42.702702696,22,Zone D,16,Saturday,0
2022-10-16 23:10:59.459459456,48,Zone B,23,Sunday,0
2022-10-18 05:50:16.216216216,45,Zone B,5,Tuesday,1
2022-10-19 12:29:32.972972968,3,Zone B,12,Wednesday,0
2022-10-20 19:08:49.729729728,2,Zone A,19,Thursday,1
2022-10-22 01:48:06.486486480,20,Zone D,1,Saturday,0
2022-10-23 08:27:23.243243240,42,Zone D,8,Sunday,1
2022-10-24 15:06:40.000000000,50,Zone B,15,Monday,0
2022-10-25 21:45:56.756756752,8,Zone A,21,Tuesday,1
2022-10-27 04:25:13.513513512,31,Zone C,4,Thursday,1
2022-10-28 11:04:30.270270264,20,Zone A,11,Friday,1
2022-10-29 17:43:47.027027024,50,Zone C,17,Saturday,1
2022-10-31 00:23:03.783783784,43,Zone C,0,Monday,0
2022-11-01 07:02:20.540540536,43,Zone A,7,Tuesday,1
2022-11-02 13:41:37.297297296,24,Zone D,13,Wednesday,0
2022-11-03 20:20:54.054054048,22,Zone D,20,Thursday,0
2022-11-05 03:00:10.810810808,14,Zone D,3,Saturday,0
2022-11-06 09:39:27.567567568,3,Zone B,9,Sunday,0
2022-11-07 16:18:44.324324320,45,Zone A,16,Monday,1
2022-11-08 22:58:01.081081080,42,Zone B,22,Tuesday,1
2022-11-10 05:37:17.837837832,50,Zone B,5,Thursday,0
2022-11-11 12:16:34.594594592,50,Zone A,12,Friday,0
2022-11-12 18:55:51.351351344,29,Zone B,18,Saturday,0
2022-11-14 01:35:08.108108104,40,Zone B,1,Monday,0
2022-11-15 08:14:24.864864864,49,Zone A,8,Tuesday,1
2022-11-16 14:53:41.621621616,44,Zone A,14,Wednesday,0
2022-11-17 21:32:58.378378376,13,Zone A,21,Thursday,0
2022-11-19 04:12:15.135135128,23,Zone C,4,Saturday,1
2022-11-20 10:51:31.891891888,7,Zone B,10,Sunday,0
2022-11-21 17:30:48.648648648,49,Zone A,17,Monday,1
2022-11-23 00:10:05.405405400,31,Zone D,0,Wednesday,1
2022-11-24 06:49:22.162162160,12,Zone A,6,Thursday,0
2022-11-25 13:28:38.918918912,35,Zone B,13,Friday,0
2022-11-26 20:07:55.675675672,32,Zone C,20,Saturday,0
2022-11-28 02:47:12.432432432,19,Zone C,2,Monday,0
2022-11-29 09:26:29.189189184,6,Zone A,9,Tuesday,1
2022-11-30 16:05:45.945945944,35,Zone D,16,Wednesday,0
2022-12-01 22:45:02.702702696,27,Zone D,22,Thursday,1
2022-12-03 05:24:19.459459456,40,Zone B,5,Saturday,1
2022-12-04 12:03:36.216216216,27,Zone B,12,Sunday,1
2022-12-05 18:42:52.972972968,44,Zone A,18,Monday,0
2022-12-07 01:22:09.729729728,29,Zone B,1,Wednesday,1
2022-12-08 08:01:26.486486480,29,Zone B,8,Thursday,0
2022-12-09 14:40:43.243243240,45,Zone C,14,Friday,0
2022-12-10 21:20:00.000000000,21,Zone B,21,Saturday,1
2022-12-12 03:59:16.756756752,7,Zone B,3,Monday,0
2022-12-13 10:38:33.513513512,2,Zone A,10,Tuesday,1
2022-12-14 17:17:50.270270264,39,Zone A,17,Wednesday,1
2022-12-15 23:57:07.027027024,32,Zone A,23,Thursday,0
2022-12-17 06:36:23.783783776,36,Zone A,6,Saturday,1
2022-12-18 13:15:40.540540536,11,Zone B,13,Sunday,0
2022-12-19 19:54:57.297297296,7,Zone C,19,Monday,0
2022-12-21 02:34:14.054054048,1,Zone B,2,Wednesday,1
2022-12-22 09:13:30.810810808,18,Zone B,9,Thursday,0
2022-12-23 15:52:47.567567560,31,Zone B,15,Friday,1
2022-12-24 22:32:04.324324320,21,Zone A,22,Saturday,1
2022-12-26 05:11:21.081081080,23,Zone A,5,Monday,1
2022-12-27 11:50:37.837837832,47,Zone A,11,Tuesday,1
2022-12-28 18:29:54.594594592,18,Zone C,18,Wednesday,1
2022-12-30 01:09:11.351351344,27,Zone A,1,Friday,0
2022-12-31 07:48:28.108108104,40,Zone A,7,Saturday,1
2023-01-01 14:27:44.864864864,21,Zone B,14,Sunday,0
2023-01-02 21:07:01.621621616,32,Zone D,21,Monday,1
2023-01-04 03:46:18.378378376,44,Zone B,3,Wednesday,1
2023-01-05 10:25:35.135135128,49,Zone C,10,Thursday,1
2023-01-06 17:04:51.891891888,8,Zone B,17,Friday,0
2023-01-07 23:44:08.648648648,48,Zone B,23,Saturday,1
2023-01-09 06:23:25.405405400,26,Zone C,6,Monday,1
2023-01-10 13:02:42.162162160,14,Zone C,13,Tuesday,1
2023-01-11 19:41:58.918918912,24,Zone A,19,Wednesday,0
2023-01-13 02:21:15.675675672,50,Zone A,2,Friday,1
2023-01-14 09:00:32.432432432,26,Zone A,9,Saturday,0
2023-01-15 15:39:49.189189184,17,Zone B,15,Sunday,1
2023-01-16 22:19:05.945945944,33,Zone C,22,Monday,0
2023-01-18 04:58:22.702702696,13,Zone A,4,Wednesday,1
2023-01-19 11:37:39.459459456,4,Zone A,11,Thursday,1
2023-01-20 18:16:56.216216216,7,Zone C,18,Friday,1
2023-01-22 00:56:12.972972968,7,Zone B,0,Sunday,0
2023-01-23 07:35:29.729729728,8,Zone B,7,Monday,1
2023-01-24 14:14:46.486486480,8,Zone C,14,Tuesday,0
2023-01-25 20:54:03.243243240,33,Zone B,20,Wednesday,1
2023-01-27 03:33:20.000000000,10,Zone B,3,Friday,1
2023-01-28 10:12:36.756756752,18,Zone A,10,Saturday,1
2023-01-29 16:51:53.513513512,46,Zone A,16,Sunday,1
2023-01-30 23:31:10.270270264,25,Zone B,23,Monday,0
2023-02-01 06:10:27.027027024,35,Zone B,6,Wednesday,0
2023-02-02 12:49:43.783783776,9,Zone D,12,Thursday,0
2023-02-03 19:29:00.540540536,10,Zone D,19,Friday,0
2023-02-05 02:08:17.297297296,3,Zone C,2,Sunday,1
2023-02-06 08:47:34.054054048,9,Zone A,8,Monday,0
2023-02-07 15:26:50.810810808,15,Zone D,15,Tuesday,1
2023-02-08 22:06:07.567567560,10,Zone B,22,Wednesday,0
2023-02-10 04:45:24.324324320,5,Zone A,4,Friday,1
2023-02-11 11:24:41.081081080,7,Zone C,11,Saturday,0
2023-02-12 18:03:57.837837832,24,Zone A,18,Sunday,0
2023-02-14 00:43:14.594594592,11,Zone A,0,Tuesday,0
2023-02-15 07:22:31.351351344,19,Zone C,7,Wednesday,1
2023-02-16 14:01:48.108108104,26,Zone B,14,Thursday,1
2023-02-17 20:41:04.864864864,36,Zone A,20,Friday,1
2023-02-19 03:20:21.621621616,3,Zone B,3,Sunday,0
2023-02-20 09:59:38.378378376,41,Zone D,9,Monday,0
2023-02-21 16:38:55.135135128,33,Zone B,16,Tuesday,1
2023-02-22 23:18:11.891891888,5,Zone A,23,Wednesday,1
2023-02-24 05:57:28.648648648,45,Zone A,5,Friday,1
2023-02-25 12:36:45.405405400,47,Zone A,12,Saturday,0
2023-02-26 19:16:02.162162160,4,Zone D,19,Sunday,1
2023-02-28 01:55:18.918918912,15,Zone B,1,Tuesday,0
2023-03-01 08:34:35.675675672,42,Zone B,8,Wednesday,1
2023-03-02 15:13:52.432432432,39,Zone B,15,Thursday,1
2023-03-03 21:53:09.189189184,10,Zone C,21,Friday,0
2023-03-05 04:32:25.945945944,11,Zone B,4,Sunday,1
2023-03-06 11:11:42.702702696,19,Zone B,11,Monday,1
2023-03-07 17:50:59.459459456,25,Zone A,17,Tuesday,1
2023-03-09 00:30:16.216216208,32,Zone A,0,Thursday,1
2023-03-10 07:09:32.972972968,19,Zone D,7,Friday,0
2023-03-11 13:48:49.729729728,24,Zone D,13,Saturday,1
2023-03-12 20:28:06.486486480,39,Zone D,20,Sunday,0
2023-03-14 03:07:23.243243240,2,Zone D,3,Tuesday,1
2023-03-15 09:46:39.999999992,13,Zone C,9,Wednesday,0
2023-03-16 16:25:56.756756752,37,Zone B,16,Thursday,0
2023-03-17 23:05:13.513513512,46,Zone C,23,Friday,0
2023-03-19 05:44:30.270270264,27,Zone B,5,Sunday,0
2023-03-20 12:23:47.027027024,28,Zone A,12,Monday,1
2023-03-21 19:03:03.783783776,6,Zone A,19,Tuesday,1
2023-03-23 01:42:20.540540536,23,Zone D,1,Thursday,0
2023-03-24 08:21:37.297297296,28,Zone A,8,Friday,1
2023-03-25 15:00:54.054054048,13,Zone C,15,Saturday,1
2023-03-26 21:40:10.810810808,14,Zone A,21,Sunday,1
2023-03-28 04:19:27.567567560,20,Zone A,4,Tuesday,1
2023-03-29 10:58:44.324324320,2,Zone A,10,Wednesday,1
2023-03-30 17:38:01.081081080,17,Zone A,17,Thursday,1
2023-04-01 00:17:17.837837832,11,Zone A,0,Saturday,1
2023-04-02 06:56:34.594594592,17,Zone A,6,Sunday,0
2023-04-03 13:35:51.351351344,7,Zone C,13,Monday,1
2023-04-04 20:15:08.108108104,46,Zone A,20,Tuesday,0
2023-04-06 02:54:24.864864864,31,Zone A,2,Thursday,1
2023-04-07 09:33:41.621621616,35,Zone A,9,Friday,0
2023-04-08 16:12:58.378378376,41,Zone B,16,Saturday,1
2023-04-09 22:52:15.135135128,26,Zone B,22,Sunday,1
2023-04-11 05:31:31.891891888,5,Zone B,5,Tuesday,1
2023-04-12 12:10:48.648648648,28,Zone A,12,Wednesday,1
2023-04-13 18:50:05.405405400,30,Zone A,18,Thursday,0
2023-04-15 01:29:22.162162160,39,Zone C,1,Saturday,0
2023-04-16 08:08:38.918918912,23,Zone C,8,Sunday,1
2023-04-17 14:47:55.675675664,7,Zone A,14,Monday,1
2023-04-18 21:27:12.432432432,15,Zone B,21,Tuesday,1
2023-04-20 04:06:29.189189184,19,Zone A,4,Thursday,1
2023-04-21 10:45:45.945945936,33,Zone A,10,Friday,1
2023-04-22 17:25:02.702702704,30,Zone C,17,Saturday,0
2023-04-24 00:04:19.459459456,19,Zone B,0,Monday,1
2023-04-25 06:43:36.216216208,50,Zone A,6,Tuesday,0
2023-04-26 13:22:52.972972976,31,Zone A,13,Wednesday,0
2023-04-27 20:02:09.729729728,13,Zone D,20,Thursday,0
2023-04-29 02:41:26.486486480,6,Zone C,2,Saturday,1
2023-04-30 09:20:43.243243232,8,Zone C,9,Sunday,0
2023-05-01 16:00:00.000000000,13,Zone B,16,Monday,0
2023-05-02 22:39:16.756756752,9,Zone B,22,Tuesday,1
2023-05-04 05:18:33.513513504,10,Zone A,5,Thursday,1
2023-05-05 11:57:50.270270272,15,Zone A,11,Friday,0
2023-05-06 18:37:07.027027024,9,Zone B,18,Saturday,0
2023-05-08 01:16:23.783783776,46,Zone B,1,Monday,1
2023-05-09 07:55:40.540540544,5,Zone A,7,Tuesday,1
2023-05-10 14:34:57.297297296,27,Zone C,14,Wednesday,1
2023-05-11 21:14:14.054054048,21,Zone A,21,Thursday,1
2023-05-13 03:53:30.810810800,50,Zone A,3,Saturday,1
2023-05-14 10:32:47.567567568,6,Zone A,10,Sunday,1
2023-05-15 17:12:04.324324320,21,Zone B,17,Monday,0
2023-05-16 23:51:21.081081072,50,Zone A,23,Tuesday,0
2023-05-18 06:30:37.837837840,45,Zone A,6,Thursday,0
2023-05-19 13:09:54.594594592,42,Zone B,13,Friday,1
2023-05-20 19:49:11.351351344,14,Zone B,19,Saturday,0
2023-05-22 02:28:28.108108096,9,Zone B,2,Monday,1
2023-05-23 09:07:44.864864864,35,Zone A,9,Tuesday,1
2023-05-24 15:47:01.621621616,48,Zone B,15,Wednesday,0
2023-05-25 22:26:18.378378368,29,Zone B,22,Thursday,1
2023-05-27 05:05:35.135135136,30,Zone A,5,Saturday,1
2023-05-28 11:44:51.891891888,15,Zone C,11,Sunday,1
2023-05-29 18:24:08.648648640,40,Zone B,18,Monday,1
2023-05-31 01:03:25.405405408,10,Zone A,1,Wednesday,0
2023-06-01 07:42:42.162162160,17,Zone D,7,Thursday,0
2023-06-02 14:21:58.918918912,22,Zone C,14,Friday,0
2023-06-03 21:01:15.675675664,26,Zone D,21,Saturday,0
2023-06-05 03:40:32.432432432,13,Zone B,3,Monday,0
2023-06-06 10:19:49.189189184,6,Zone A,10,Tuesday,0
2023-06-07 16:59:05.945945936,32,Zone A,16,Wednesday,1
2023-06-08 23:38:22.702702704,15,Zone B,23,Thursday,0
2023-06-10 06:17:39.459459456,30,Zone D,6,Saturday,1
2023-06-11 12:56:56.216216208,8,Zone B,12,Sunday,0
2023-06-12 19:36:12.972972976,25,Zone C,19,Monday,1
2023-06-14 02:15:29.729729728,28,Zone A,2,Wednesday,0
2023-06-15 08:54:46.486486480,3,Zone B,8,Thursday,0
2023-06-16 15:34:03.243243232,18,Zone D,15,Friday,0
2023-06-17 22:13:20.000000000,7,Zone C,22,Saturday,0
2023-06-19 04:52:36.756756752,4,Zone D,4,Monday,1
2023-06-20 11:31:53.513513504,50,Zone C,11,Tuesday,1
2023-06-21 18:11:10.270270272,17,Zone B,18,Wednesday,1
2023-06-23 00:50:27.027027024,42,Zone B,0,Friday,1
2023-06-24 07:29:43.783783776,13,Zone D,7,Saturday,1
2023-06-25 14:09:00.540540528,35,Zone B,14,Sunday,1
2023-06-26 20:48:17.297297296,39,Zone A,20,Monday,1
2023-06-28 03:27:34.054054048,31,Zone B,3,Wednesday,0
2023-06-29 10:06:50.810810800,25,Zone B,10,Thursday,0
2023-06-30 16:46:07.567567568,22,Zone A,16,Friday,1
2023-07-01 23:25:24.324324320,18,Zone C,23,Saturday,1
2023-07-03 06:04:41.081081072,48,Zone A,6,Monday,1
2023-07-04 12:43:57.837837840,43,Zone B,12,Tuesday,1
2023-07-05 19:23:14.594594592,50,Zone C,19,Wednesday,1
2023-07-07 02:02:31.351351344,7,Zone B,2,Friday,1
2023-07-08 08:41:48.108108096,38,Zone C,8,Saturday,1
2023-07-09 15:21:04.864864864,48,Zone A,15,Sunday,1
2023-07-10 22:00:21.621621616,10,Zone D,22,Monday,1
2023-07-12 04:39:38.378378368,4,Zone A,4,Wednesday,1
2023-07-13 11:18:55.135135136,38,Zone A,11,Thursday,0
2023-07-14 17:58:11.891891888,30,Zone C,17,Friday,0
2023-07-16 00:37:28.648648640,43,Zone C,0,Sunday,1
2023-07-17 07:16:45.405405408,8,Zone A,7,Monday,1
2023-07-18 13:56:02.162162160,41,Zone D,13,Tuesday,1
2023-07-19 20:35:18.918918912,11,Zone B,20,Wednesday,1
2023-07-21 03:14:35.675675664,9,Zone D,3,Friday,1
2023-07-22 09:53:52.432432432,9,Zone B,9,Saturday,1
2023-07-23 16:33:09.189189184,42,Zone B,16,Sunday,1
2023-07-24 23:12:25.945945936,34,Zone B,23,Monday,1
2023-07-26 05:51:42.702702704,27,Zone A,5,Wednesday,0
2023-07-27 12:30:59.459459456,19,Zone B,12,Thursday,1
2023-07-28 19:10:16.216216208,45,Zone B,19,Friday,1
2023-07-30 01:49:32.972972960,21,Zone A,1,Sunday,1
2023-07-31 08:28:49.729729728,42,Zone A,8,Monday,1
2023-08-01 15:08:06.486486480,23,Zone A,15,Tuesday,0
2023-08-02 21:47:23.243243232,20,Zone C,21,Wednesday,0
2023-08-04 04:26:40.000000000,24,Zone B,4,Friday,1
2023-08-05 11:05:56.756756752,16,Zone C,11,Saturday,0
2023-08-06 17:45:13.513513504,39,Zone D,17,Sunday,0
2023-08-08 00:24:30.270270272,26,Zone B,0,Tuesday,1
2023-08-09 07:03:47.027027024,12,Zone D,7,Wednesday,1
2023-08-10 13:43:03.783783776,46,Zone A,13,Thursday,0
2023-08-11 20:22:20.540540528,20,Zone A,20,Friday,1
2023-08-13 03:01:37.297297296,28,Zone B,3,Sunday,1
2023-08-14 09:40:54.054054048,47,Zone B,9,Monday,1
2023-08-15 16:20:10.810810800,32,Zone C,16,Tuesday,0
2023-08-16 22:59:27.567567568,6,Zone B,22,Wednesday,0
2023-08-18 05:38:44.324324320,48,Zone A,5,Friday,0
2023-08-19 12:18:01.081081072,33,Zone C,12,Saturday,0
2023-08-20 18:57:17.837837840,18,Zone B,18,Sunday,0
2023-08-22 01:36:34.594594592,8,Zone A,1,Tuesday,0
2023-08-23 08:15:51.351351344,41,Zone B,8,Wednesday,0
2023-08-24 14:55:08.108108096,32,Zone D,14,Thursday,0
2023-08-25 21:34:24.864864864,28,Zone C,21,Friday,1
2023-08-27 04:13:41.621621616,46,Zone B,4,Sunday,0
2023-08-28 10:52:58.378378368,41,Zone A,10,Monday,0
2023-08-29 17:32:15.135135136,8,Zone A,17,Tuesday,0
2023-08-31 00:11:31.891891888,16,Zone B,0,Thursday,0
2023-09-01 06:50:48.648648640,13,Zone C,6,Friday,0
2023-09-02 13:30:05.405405408,38,Zone A,13,Saturday,0
2023-09-03 20:09:22.162162160,2,Zone A,20,Sunday,1
2023-09-05 02:48:38.918918912,30,Zone D,2,Tuesday,1
2023-09-06 09:27:55.675675664,39,Zone C,9,Wednesday,1
2023-09-07 16:07:12.432432432,45,Zone B,16,Thursday,1
2023-09-08 22:46:29.189189184,18,Zone A,22,Friday,1
2023-09-10 05:25:45.945945936,42,Zone A,5,Sunday,1
2023-09-11 12:05:02.702702704,6,Zone A,12,Monday,1
2023-09-12 18:44:19.459459456,44,Zone B,18,Tuesday,0
2023-09-14 01:23:36.216216208,7,Zone A,1,Thursday,1
2023-09-15 08:02:52.972972960,21,Zone C,8,Friday,0
2023-09-16 14:42:09.729729728,41,Zone D,14,Saturday,0
2023-09-17 21:21:26.486486480,8,Zone A,21,Sunday,1
2023-09-19 04:00:43.243243232,12,Zone B,4,Tuesday,1
2023-09-20 10:40:00.000000000,37,Zone C,10,Wednesday,0
2023-09-21 17:19:16.756756752,37,Zone D,17,Thursday,0
2023-09-22 23:58:33.513513504,33,Zone C,23,Friday,1
2023-09-24 06:37:50.270270272,36,Zone A,6,Sunday,1
2023-09-25 13:17:07.027027024,28,Zone A,13,Monday,1
2023-09-26 19:56:23.783783776,13,Zone C,19,Tuesday,1
2023-09-28 02:35:40.540540528,18,Zone B,2,Thursday,1
2023-09-29 09:14:57.297297296,10,Zone A,9,Friday,1
2023-09-30 15:54:14.054054048,47,Zone B,15,Saturday,0
2023-10-01 22:33:30.810810800,30,Zone C,22,Sunday,0
2023-10-03 05:12:47.567567568,21,Zone A,5,Tuesday,0
2023-10-04 11:52:04.324324320,24,Zone C,11,Wednesday,0
2023-10-05 18:31:21.081081072,49,Zone A,18,Thursday,0
2023-10-07 01:10:37.837837840,8,Zone C,1,Saturday,0
2023-10-08 07:49:54.594594592,30,Zone B,7,Sunday,1
2023-10-09 14:29:11.351351344,26,Zone A,14,Monday,1
2023-10-10 21:08:28.108108096,32,Zone C,21,Tuesday,0
2023-10-12 03:47:44.864864864,1,Zone C,3,Thursday,0
2023-10-13 10:27:01.621621616,45,Zone D,10,Friday,1
2023-10-14 17:06:18.378378368,48,Zone A,17,Saturday,1
2023-10-15 23:45:35.135135136,29,Zone B,23,Sunday,0
2023-10-17 06:24:51.891891888,36,Zone B,6,Tuesday,1
2023-10-18 13:04:08.648648640,48,Zone B,13,Wednesday,1
2023-10-19 19:43:25.405405408,37,Zone C,19,Thursday,0
2023-10-21 02:22:42.162162160,8,Zone A,2,Saturday,1
2023-10-22 09:01:58.918918912,30,Zone A,9,Sunday,0
2023-10-23 15:41:15.675675664,31,Zone B,15,Monday,0
2023-10-24 22:20:32.432432432,22,Zone A,22,Tuesday,1
2023-10-26 04:59:49.189189184,38,Zone D,4,Thursday,1
2023-10-27 11:39:05.945945936,48,Zone B,11,Friday,1
2023-10-28 18:18:22.702702704,48,Zone B,18,Saturday,1
2023-10-30 00:57:39.459459456,24,Zone C,0,Monday,0
2023-10-31 07:36:56.216216208,6,Zone B,7,Tuesday,1
2023-11-01 14:16:12.972972960,50,Zone B,14,Wednesday,1
2023-11-02 20:55:29.729729728,43,Zone A,20,Thursday,1
2023-11-04 03:34:46.486486480,7,Zone A,3,Saturday,1
2023-11-05 10:14:03.243243232,47,Zone A,10,Sunday,1
2023-11-06 16:53:20.000000000,45,Zone B,16,Monday,0
2023-11-07 23:32:36.756756752,27,Zone B,23,Tuesday,1
2023-11-09 06:11:53.513513504,31,Zone A,6,Thursday,1
2023-11-10 12:51:10.270270272,21,Zone B,12,Friday,1
2023-11-11 19:30:27.027027024,3,Zone A,19,Saturday,0
2023-11-13 02:09:43.783783776,18,Zone D,2,Monday,1
2023-11-14 08:49:00.540540528,41,Zone A,8,Tuesday,0
2023-11-15 15:28:17.297297296,1,Zone C,15,Wednesday,1
2023-11-16 22:07:34.054054048,18,Zone B,22,Thursday,0
2023-11-18 04:46:50.810810800,21,Zone B,4,Saturday,1
2023-11-19 11:26:07.567567568,28,Zone A,11,Sunday,0
2023-11-20 18:05:24.324324320,47,Zone D,18,Monday,0
2023-11-22 00:44:41.081081072,18,Zone A,0,Wednesday,0
2023-11-23 07:23:57.837837840,18,Zone B,7,Thursday,1
2023-11-24 14:03:14.594594592,38,Zone D,14,Friday,0
2023-11-25 20:42:31.351351344,24,Zone C,20,Saturday,0
2023-11-27 03:21:48.108108096,12,Zone B,3,Monday,1
2023-11-28 10:01:04.864864864,24,Zone D,10,Tuesday,1
2023-11-29 16:40:21.621621616,8,Zone C,16,Wednesday,0
2023-11-30 23:19:38.378378368,9,Zone A,23,Thursday,1
2023-12-02 05:58:55.135135136,26,Zone B,5,Saturday,0
2023-12-03 12:38:11.891891888,22,Zone A,12,Sunday,1
2023-12-04 19:17:28.648648640,47,Zone A,19,Monday,1
2023-12-06 01:56:45.405405392,19,Zone C,1,Wednesday,0
2023-12-07 08:36:02.162162160,30,Zone B,8,Thursday,1
2023-12-08 15:15:18.918918912,33,Zone A,15,Friday,0
2023-12-09 21:54:35.675675664,1,Zone C,21,Saturday,0
2023-12-11 04:33:52.432432432,34,Zone A,4,Monday,0
2023-12-12 11:13:09.189189184,10,Zone D,11,Tuesday,0
2023-12-13 17:52:25.945945936,50,Zone D,17,Wednesday,0
2023-12-15 00:31:42.702702704,8,Zone D,0,Friday,1
2023-12-16 07:10:59.459459456,22,Zone C,7,Saturday,0
2023-12-17 13:50:16.216216208,5,Zone A,13,Sunday,1
2023-12-18 20:29:32.972972960,50,Zone B,20,Monday,1
2023-12-20 03:08:49.729729728,26,Zone A,3,Wednesday,1
2023-12-21 09:48:06.486486480,31,Zone A,9,Thursday,0
2023-12-22 16:27:23.243243232,4,Zone B,16,Friday,1
2023-12-23 23:06:40.000000000,39,Zone A,23,Saturday,1
2023-12-25 05:45:56.756756752,11,Zone D,5,Monday,0
2023-12-26 12:25:13.513513504,46,Zone D,12,Tuesday,1
2023-12-27 19:04:30.270270272,11,Zone A,19,Wednesday,0
2023-12-29 01:43:47.027027024,10,Zone B,1,Friday,0
2023-12-30 08:23:03.783783776,2,Zone B,8,Saturday,1
2023-12-31 15:02:20.540540528,25,Zone C,15,Sunday,1
2024-01-01 21:41:37.297297296,29,Zone B,21,Monday,0
2024-01-03 04:20:54.054054048,4,Zone A,4,Wednesday,1
2024-01-04 11:00:10.810810800,40,Zone B,11,Thursday,1
2024-01-05 17:39:27.567567568,24,Zone B,17,Friday,1
2024-01-07 00:18:44.324324320,27,Zone D,0,Sunday,1
2024-01-08 06:58:01.081081072,23,Zone A,6,Monday,1
2024-01-09 13:37:17.837837824,21,Zone A,13,Tuesday,1
2024-01-10 20:16:34.594594592,29,Zone C,20,Wednesday,0
2024-01-12 02:55:51.351351344,8,Zone C,2,Friday,1
2024-01-13 09:35:08.108108096,10,Zone C,9,Saturday,0
2024-01-14 16:14:24.864864864,44,Zone B,16,Sunday,1
2024-01-15 22:53:41.621621616,49,Zone B,22,Monday,1
2024-01-17 05:32:58.378378368,20,Zone B,5,Wednesday,0
2024-01-18 12:12:15.135135136,14,Zone A,12,Thursday,0
2024-01-19 18:51:31.891891888,33,Zone B,18,Friday,0
2024-01-21 01:30:48.648648640,21,Zone A,1,Sunday,0
2024-01-22 08:10:05.405405392,2,Zone A,8,Monday,0
2024-01-23 14:49:22.162162160,8,Zone D,14,Tuesday,1
2024-01-24 21:28:38.918918912,37,Zone A,21,Wednesday,0
2024-01-26 04:07:55.675675664,34,Zone D,4,Friday,0
2024-01-27 10:47:12.432432432,2,Zone A,10,Saturday,0
2024-01-28 17:26:29.189189184,12,Zone A,17,Sunday,0
2024-01-30 00:05:45.945945936,12,Zone B,0,Tuesday,0
2024-01-31 06:45:02.702702704,35,Zone C,6,Wednesday,1
2024-02-01 13:24:19.459459456,2,Zone B,13,Thursday,0
2024-02-02 20:03:36.216216208,6,Zone C,20,Friday,0
2024-02-04 02:42:52.972972960,41,Zone A,2,Sunday,0
2024-02-05 09:22:09.729729728,10,Zone D,9,Monday,0
2024-02-06 16:01:26.486486480,34,Zone A,16,Tuesday,1
2024-02-07 22:40:43.243243232,13,Zone C,22,Wednesday,0
2024-02-09 05:20:00.000000000,6,Zone B,5,Friday,0
2024-02-10 11:59:16.756756752,13,Zone C,11,Saturday,0
2024-02-11 18:38:33.513513504,37,Zone B,18,Sunday,1
2024-02-13 01:17:50.270270272,44,Zone A,1,Tuesday,0
2024-02-14 07:57:07.027027024,43,Zone D,7,Wednesday,1
2024-02-15 14:36:23.783783776,21,Zone A,14,Thursday,0
2024-02-16 21:15:40.540540528,35,Zone A,21,Friday,1
2024-02-18 03:54:57.297297296,11,Zone C,3,Sunday,0
2024-02-19 10:34:14.054054048,15,Zone A,10,Monday,1
2024-02-20 17:13:30.810810800,46,Zone A,17,Tuesday,1
2024-02-21 23:52:47.567567568,1,Zone B,23,Wednesday,0
2024-02-23 06:32:04.324324320,5,Zone C,6,Friday,1
2024-02-24 13:11:21.081081072,11,Zone A,13,Saturday,0
2024-02-25 19:50:37.837837824,2,Zone B,19,Sunday,0
2024-02-27 02:29:54.594594592,10,Zone C,2,Tuesday,0
2024-02-28 09:09:11.351351344,30,Zone C,9,Wednesday,1
2024-02-29 15:48:28.108108096,22,Zone D,15,Thursday,0
2024-03-01 22:27:44.864864864,46,Zone C,22,Friday,1
2024-03-03 05:07:01.621621616,42,Zone B,5,Sunday,0
2024-03-04 11:46:18.378378368,18,Zone B,11,Monday,0
2024-03-05 18:25:35.135135136,14,Zone A,18,Tuesday,1
2024-03-07 01:04:51.891891888,20,Zone C,1,Thursday,1
2024-03-08 07:44:08.648648640,31,Zone D,7,Friday,1
2024-03-09 14:23:25.405405392,14,Zone C,14,Saturday,0
2024-03-10 21:02:42.162162160,32,Zone A,21,Sunday,1
2024-03-12 03:41:58.918918912,21,Zone B,3,Tuesday,0
2024-03-13 10:21:15.675675664,29,Zone B,10,Wednesday,0
2024-03-14 17:00:32.432432432,23,Zone B,17,Thursday,0
2024-03-15 23:39:49.189189184,16,Zone C,23,Friday,0
2024-03-17 06:19:05.945945936,49,Zone B,6,Sunday,1
2024-03-18 12:58:22.702702704,39,Zone A,12,Monday,0
2024-03-19 19:37:39.459459456,8,Zone D,19,Tuesday,0
2024-03-21 02:16:56.216216208,45,Zone B,2,Thursday,0
2024-03-22 08:56:12.972972960,25,Zone A,8,Friday,1
2024-03-23 15:35:29.729729728,46,Zone A,15,Saturday,1
2024-03-24 22:14:46.486486480,41,Zone D,22,Sunday,1
2024-03-26 04:54:03.243243232,22,Zone C,4,Tuesday,1
2024-03-27 11:33:20.000000000,2,Zone B,11,Wednesday,1
2024-03-28 18:12:36.756756752,14,Zone A,18,Thursday,1
2024-03-30 00:51:53.513513504,28,Zone A,0,Saturday,0
2024-03-31 07:31:10.270270272,33,Zone A,7,Sunday,1
2024-04-01 14:10:27.027027024,14,Zone B,14,Monday,0
2024-04-02 20:49:43.783783776,8,Zone B,20,Tuesday,1
2024-04-04 03:29:00.540540528,43,Zone B,3,Thursday,0
2024-04-05 10:08:17.297297296,50,Zone C,10,Friday,0
2024-04-06 16:47:34.054054048,27,Zone A,16,Saturday,0
2024-04-07 23:26:50.810810800,9,Zone A,23,Sunday,0
2024-04-09 06:06:07.567567568,14,Zone A,6,Tuesday,1
2024-04-10 12:45:24.324324320,1,Zone A,12,Wednesday,0
2024-04-11 19:24:41.081081072,47,Zone A,19,Thursday,1
2024-04-13 02:03:57.837837824,7,Zone B,2,Saturday,1
2024-04-14 08:43:14.594594592,30,Zone C,8,Sunday,1
2024-04-15 15:22:31.351351344,14,Zone C,15,Monday,1
2024-04-16 22:01:48.108108096,29,Zone C,22,Tuesday,1
2024-04-18 04:41:04.864864864,34,Zone B,4,Thursday,0
2024-04-19 11:20:21.621621616,43,Zone C,11,Friday,1
2024-04-20 17:59:38.378378368,11,Zone A,17,Saturday,0
2024-04-22 00:38:55.135135136,1,Zone D,0,Monday,0
2024-04-23 07:18:11.891891888,7,Zone A,7,Tuesday,1
2024-04-24 13:57:28.648648640,46,Zone A,13,Wednesday,1
2024-04-25 20:36:45.405405392,45,Zone A,20,Thursday,0
2024-04-27 03:16:02.162162160,31,Zone D,3,Saturday,1
2024-04-28 09:55:18.918918912,31,Zone D,9,Sunday,1
2024-04-29 16:34:35.675675664,34,Zone C,16,Monday,0
2024-04-30 23:13:52.432432432,9,Zone B,23,Tuesday,1
2024-05-02 05:53:09.189189184,47,Zone B,5,Thursday,1
2024-05-03 12:32:25.945945936,22,Zone D,12,Friday,1
2024-05-04 19:11:42.702702704,20,Zone B,19,Saturday,1
2024-05-06 01:50:59.459459456,27,Zone D,1,Monday,1
2024-05-07 08:30:16.216216208,3,Zone A,8,Tuesday,1
2024-05-08 15:09:32.972972960,9,Zone A,15,Wednesday,1
2024-05-09 21:48:49.729729728,38,Zone C,21,Thursday,1
2024-05-11 04:28:06.486486480,5,Zone A,4,Saturday,0
2024-05-12 11:07:23.243243232,31,Zone D,11,Sunday,1
2024-05-13 17:46:40.000000000,13,Zone B,17,Monday,0
2024-05-15 00:25:56.756756752,20,Zone D,0,Wednesday,1
2024-05-16 07:05:13.513513504,15,Zone A,7,Thursday,1
2024-05-17 13:44:30.270270256,19,Zone C,13,Friday,0
2024-05-18 20:23:47.027027024,37,Zone B,20,Saturday,0
2024-05-20 03:03:03.783783776,16,Zone B,3,Monday,1
2024-05-21 09:42:20.540540528,29,Zone B,9,Tuesday,1
2024-05-22 16:21:37.297297296,25,Zone D,16,Wednesday,1
2024-05-23 23:00:54.054054048,34,Zone B,23,Thursday,0
2024-05-25 05:40:10.810810800,48,Zone A,5,Saturday,1
2024-05-26 12:19:27.567567568,38,Zone D,12,Sunday,1
2024-05-27 18:58:44.324324320,11,Zone A,18,Monday,0
2024-05-29 01:38:01.081081072,2,Zone A,1,Wednesday,0
2024-05-30 08:17:17.837837824,14,Zone A,8,Thursday,0
2024-05-31 14:56:34.594594592,31,Zone C,14,Friday,1
2024-06-01 21:35:51.351351344,3,Zone A,21,Saturday,0
2024-06-03 04:15:08.108108096,26,Zone A,4,Monday,0
2024-06-04 10:54:24.864864864,31,Zone D,10,Tuesday,0
2024-06-05 17:33:41.621621616,18,Zone C,17,Wednesday,0
2024-06-07 00:12:58.378378368,40,Zone A,0,Friday,0
2024-06-08 06:52:15.135135136,6,Zone C,6,Saturday,1
2024-06-09 13:31:31.891891888,4,Zone D,13,Sunday,1
2024-06-10 20:10:48.648648640,38,Zone A,20,Monday,0
2024-06-12 02:50:05.405405392,26,Zone C,2,Wednesday,1
2024-06-13 09:29:22.162162160,36,Zone B,9,Thursday,1
2024-06-14 16:08:38.918918912,23,Zone B,16,Friday,1
2024-06-15 22:47:55.675675664,13,Zone B,22,Saturday,0
2024-06-17 05:27:12.432432432,42,Zone B,5,Monday,1
2024-06-18 12:06:29.189189184,41,Zone A,12,Tuesday,0
2024-06-19 18:45:45.945945936,36,Zone C,18,Wednesday,1
2024-06-21 01:25:02.702702688,14,Zone A,1,Friday,1
2024-06-22 08:04:19.459459456,31,Zone B,8,Saturday,1
2024-06-23 14:43:36.216216208,19,Zone A,14,Sunday,1
2024-06-24 21:22:52.972972960,5,Zone C,21,Monday,0
2024-06-26 04:02:09.729729728,47,Zone A,4,Wednesday,0
2024-06-27 10:41:26.486486480,7,Zone B,10,Thursday,0
2024-06-28 17:20:43.243243232,49,Zone B,17,Friday,1
2024-06-30 00:00:00.000000000,23,Zone C,0,Sunday,1
